,Link,Closeness Centrality
0,https://en.wikipedia.org/wiki/Antiderivative,0.46496398166339226
1,https://en.wikipedia.org//wiki/Antiderivative_(complex_analysis),0.31753130590339895
2,https://en.wikipedia.org//wiki/Lists_of_integrals,0.31753130590339895
3,https://en.wikipedia.org//wiki/Calculus,0.31753130590339895
4,https://en.wikipedia.org//wiki/Fundamental_theorem_of_calculus,0.31753130590339895
5,https://en.wikipedia.org//wiki/Leibniz_integral_rule,0.31753130590339895
6,https://en.wikipedia.org//wiki/Limit_of_a_function,0.31753130590339895
7,https://en.wikipedia.org//wiki/Continuous_function,0.3339604891815616
8,https://en.wikipedia.org//wiki/Mean_value_theorem,0.31753130590339895
9,https://en.wikipedia.org//wiki/Rolle%27s_theorem,0.31753130590339895
10,https://en.wikipedia.org//wiki/Differential_calculus,0.31753130590339895
11,https://en.wikipedia.org//wiki/Derivative,0.31753130590339895
12,https://en.wikipedia.org//wiki/Generalizations_of_the_derivative,0.31753130590339895
13,https://en.wikipedia.org//wiki/Differential_(mathematics),0.31753130590339895
14,https://en.wikipedia.org//wiki/Differential_(infinitesimal),0.31753130590339895
15,https://en.wikipedia.org//wiki/Differential_of_a_function,0.31753130590339895
16,https://en.wikipedia.org//wiki/Differential_of_a_function#Differentials_in_several_variables,0.31753130590339895
17,https://en.wikipedia.org//wiki/Notation_for_differentiation,0.31753130590339895
18,https://en.wikipedia.org//wiki/Second_derivative,0.31753130590339895
19,https://en.wikipedia.org//wiki/Implicit_function,0.31753130590339895
20,https://en.wikipedia.org//wiki/Logarithmic_differentiation,0.31753130590339895
21,https://en.wikipedia.org//wiki/Related_rates,0.31753130590339895
22,https://en.wikipedia.org//wiki/Taylor%27s_theorem,0.31753130590339895
23,https://en.wikipedia.org//wiki/Differentiation_rules,0.31753130590339895
24,https://en.wikipedia.org//wiki/Sum_rule_in_differentiation,0.31753130590339895
25,https://en.wikipedia.org//wiki/Product_rule,0.31753130590339895
26,https://en.wikipedia.org//wiki/Chain_rule,0.31753130590339895
27,https://en.wikipedia.org//wiki/Power_rule,0.31753130590339895
28,https://en.wikipedia.org//wiki/Quotient_rule,0.31753130590339895
29,https://en.wikipedia.org//wiki/L%27H%C3%B4pital%27s_rule,0.31753130590339895
30,https://en.wikipedia.org//wiki/Inverse_function_rule,0.31753130590339895
31,https://en.wikipedia.org//wiki/General_Leibniz_rule,0.31753130590339895
32,https://en.wikipedia.org//wiki/Fa%C3%A0_di_Bruno%27s_formula,0.31753130590339895
33,https://en.wikipedia.org//wiki/Reynolds_transport_theorem,0.31753130590339895
34,https://en.wikipedia.org//wiki/Integral,0.31753130590339895
35,https://en.wikipedia.org//wiki/Integral_transform,0.31753130590339895
36,https://en.wikipedia.org//wiki/Improper_integral,0.31753130590339895
37,https://en.wikipedia.org//wiki/Riemann_integral,0.31753130590339895
38,https://en.wikipedia.org//wiki/Lebesgue_integration,0.31753130590339895
39,https://en.wikipedia.org//wiki/Contour_integration,0.31753130590339895
40,https://en.wikipedia.org//wiki/Integral_of_inverse_functions,0.31753130590339895
41,https://en.wikipedia.org//wiki/Integration_by_parts,0.31753130590339895
42,https://en.wikipedia.org//wiki/Disc_integration,0.31753130590339895
43,https://en.wikipedia.org//wiki/Shell_integration,0.31753130590339895
44,https://en.wikipedia.org//wiki/Integration_by_substitution,0.31753130590339895
45,https://en.wikipedia.org//wiki/Trigonometric_substitution,0.31753130590339895
46,https://en.wikipedia.org//wiki/Weierstrass_substitution,0.31753130590339895
47,https://en.wikipedia.org//wiki/Euler_substitution,0.31753130590339895
48,https://en.wikipedia.org//wiki/Integration_using_Euler%27s_formula,0.31753130590339895
49,https://en.wikipedia.org//wiki/Partial_fractions_in_integration,0.31753130590339895
50,https://en.wikipedia.org//wiki/Order_of_integration_(calculus),0.31753130590339895
51,https://en.wikipedia.org//wiki/Integration_by_reduction_formulae,0.31753130590339895
52,https://en.wikipedia.org//wiki/Leibniz_integral_rule#Evaluating_definite_integrals,0.31753130590339895
53,https://en.wikipedia.org//wiki/Risch_algorithm,0.31753130590339895
54,https://en.wikipedia.org//wiki/Series_(mathematics),0.31753130590339895
55,https://en.wikipedia.org//wiki/Geometric_series,0.31753130590339895
56,https://en.wikipedia.org//wiki/Arithmetico%E2%80%93geometric_sequence,0.31753130590339895
57,https://en.wikipedia.org//wiki/Harmonic_series_(mathematics),0.31753130590339895
58,https://en.wikipedia.org//wiki/Alternating_series,0.31753130590339895
59,https://en.wikipedia.org//wiki/Power_series,0.31753130590339895
60,https://en.wikipedia.org//wiki/Binomial_series,0.31753130590339895
61,https://en.wikipedia.org//wiki/Taylor_series,0.31753130590339895
62,https://en.wikipedia.org//wiki/Convergence_tests,0.31753130590339895
63,https://en.wikipedia.org//wiki/Term_test,0.31753130590339895
64,https://en.wikipedia.org//wiki/Ratio_test,0.31753130590339895
65,https://en.wikipedia.org//wiki/Root_test,0.31753130590339895
66,https://en.wikipedia.org//wiki/Integral_test_for_convergence,0.31753130590339895
67,https://en.wikipedia.org//wiki/Direct_comparison_test,0.31753130590339895
68,https://en.wikipedia.org//wiki/Limit_comparison_test,0.31753130590339895
69,https://en.wikipedia.org//wiki/Alternating_series_test,0.31753130590339895
70,https://en.wikipedia.org//wiki/Cauchy_condensation_test,0.31753130590339895
71,https://en.wikipedia.org//wiki/Dirichlet%27s_test,0.31753130590339895
72,https://en.wikipedia.org//wiki/Abel%27s_test,0.31753130590339895
73,https://en.wikipedia.org//wiki/Vector_calculus,0.31753130590339895
74,https://en.wikipedia.org//wiki/Gradient,0.31753130590339895
75,https://en.wikipedia.org//wiki/Divergence,0.31753130590339895
76,https://en.wikipedia.org//wiki/Curl_(mathematics),0.31753130590339895
77,https://en.wikipedia.org//wiki/Laplace_operator,0.31753130590339895
78,https://en.wikipedia.org//wiki/Directional_derivative,0.31753130590339895
79,https://en.wikipedia.org//wiki/Vector_calculus_identities,0.31753130590339895
80,https://en.wikipedia.org//wiki/Gradient_theorem,0.31753130590339895
81,https://en.wikipedia.org//wiki/Green%27s_theorem,0.31753130590339895
82,https://en.wikipedia.org//wiki/Stokes%27_theorem,0.31753130590339895
83,https://en.wikipedia.org//wiki/Divergence_theorem,0.31753130590339895
84,https://en.wikipedia.org//wiki/Generalized_Stokes%27_theorem,0.31753130590339895
85,https://en.wikipedia.org//wiki/Multivariable_calculus,0.31753130590339895
86,https://en.wikipedia.org//wiki/Matrix_calculus,0.31753130590339895
87,https://en.wikipedia.org//wiki/Tensor_calculus,0.31753130590339895
88,https://en.wikipedia.org//wiki/Exterior_derivative,0.31753130590339895
89,https://en.wikipedia.org//wiki/Geometric_calculus,0.31753130590339895
90,https://en.wikipedia.org//wiki/Partial_derivative,0.31753130590339895
91,https://en.wikipedia.org//wiki/Multiple_integral,0.31753130590339895
92,https://en.wikipedia.org//wiki/Line_integral,0.31753130590339895
93,https://en.wikipedia.org//wiki/Surface_integral,0.31753130590339895
94,https://en.wikipedia.org//wiki/Volume_integral,0.31753130590339895
95,https://en.wikipedia.org//wiki/Jacobian_matrix_and_determinant,0.31753130590339895
96,https://en.wikipedia.org//wiki/Hessian_matrix,0.31753130590339895
97,https://en.wikipedia.org//wiki/Fractional_calculus,0.31753130590339895
98,https://en.wikipedia.org//wiki/Malliavin_calculus,0.31753130590339895
99,https://en.wikipedia.org//wiki/Stochastic_calculus,0.31753130590339895
100,https://en.wikipedia.org//wiki/Calculus_of_variations,0.31753130590339895
101,https://en.wikipedia.org//wiki/Precalculus,0.31753130590339895
102,https://en.wikipedia.org//wiki/History_of_calculus,0.31753130590339895
103,https://en.wikipedia.org//wiki/Glossary_of_calculus,0.31753130590339895
104,https://en.wikipedia.org//wiki/List_of_calculus_topics,0.31753130590339895
105,https://en.wikipedia.org//wiki/Integration_Bee,0.31753130590339895
106,https://en.wikipedia.org//wiki/Analysis,0.31753130590339895
107,https://en.wikipedia.org//wiki/Template:Calculus,0.31753130590339895
108,https://en.wikipedia.org//wiki/Template_talk:Calculus,0.31753130590339895
109,https://en.wikipedia.org//wiki/File:Slope_Field.png,0.31753130590339895
110,https://en.wikipedia.org//wiki/Slope_field,0.31753130590339895
111,https://en.wikipedia.org//wiki/Constant_of_integration,0.31753130590339895
112,https://en.wikipedia.org//wiki/Function_(mathematics),0.4231227651966627
113,https://en.wikipedia.org//wiki/Differentiable_function,0.31753130590339895
114,https://en.wikipedia.org//wiki/Roman_letters,0.31753130590339895
115,https://en.wikipedia.org//wiki/Interval_(mathematics),0.31753130590339895
116,https://en.wikipedia.org//wiki/Physics,0.3339604891815616
117,https://en.wikipedia.org//wiki/Rectilinear_motion,0.31753130590339895
118,https://en.wikipedia.org//wiki/Position_(physics),0.31753130590339895
119,https://en.wikipedia.org//wiki/Velocity_(physics),0.31753130590339895
120,https://en.wikipedia.org//wiki/Acceleration_(physics),0.31753130590339895
121,https://en.wikipedia.org//wiki/Discrete_mathematics,0.31753130590339895
122,https://en.wikipedia.org//wiki/Antidifference,0.31753130590339895
123,https://en.wikipedia.org//wiki/Constant_function,0.31753130590339895
124,https://en.wikipedia.org//wiki/0_(number),0.31753130590339895
125,https://en.wikipedia.org//wiki/Infinite_set,0.31753130590339895
126,https://en.wikipedia.org//wiki/Graph_of_a_function,0.31753130590339895
127,https://en.wikipedia.org//wiki/Vertical_translation,0.31753130590339895
128,https://en.wikipedia.org//wiki/Value_(mathematics),0.31753130590339895
129,https://en.wikipedia.org//wiki/Power_function,0.31753130590339895
130,https://en.wikipedia.org//wiki/Acceleration,0.3339604891815616
131,https://en.wikipedia.org//wiki/Velocity,0.3339604891815616
132,https://en.wikipedia.org//wiki/Integral#Calculating_integrals,0.31753130590339895
133,https://en.wikipedia.org//wiki/Disjoint_union,0.31753130590339895
134,https://en.wikipedia.org//wiki/Elementary_function,0.398876404494382
135,https://en.wikipedia.org//wiki/Polynomial,0.31753130590339895
136,https://en.wikipedia.org//wiki/Exponential_function,0.31753130590339895
137,https://en.wikipedia.org//wiki/Logarithm,0.31753130590339895
138,https://en.wikipedia.org//wiki/Trigonometric_functions,0.31753130590339895
139,https://en.wikipedia.org//wiki/Inverse_trigonometric_functions,0.31753130590339895
140,https://en.wikipedia.org//wiki/Error_function,0.31753130590339895
141,https://en.wikipedia.org//wiki/Fresnel_function,0.31753130590339895
142,https://en.wikipedia.org//wiki/Sine_integral,0.31753130590339895
143,https://en.wikipedia.org//wiki/Logarithmic_integral_function,0.31753130590339895
144,https://en.wikipedia.org//wiki/Sophomore%27s_dream,0.31753130590339895
145,https://en.wikipedia.org//wiki/Differential_Galois_theory,0.31753130590339895
146,https://en.wikipedia.org//wiki/Elementary_function_(differential_algebra),0.31753130590339895
147,https://en.wikipedia.org//wiki/Nonelementary_integral,0.31753130590339895
148,https://en.wikipedia.org//wiki/Linearity_of_integration,0.31753130590339895
149,https://en.wikipedia.org//wiki/Trigonometric_identities,0.31753130590339895
150,https://en.wikipedia.org//wiki/Natural_logarithm,0.31753130590339895
151,https://en.wikipedia.org//wiki/Inverse_chain_rule_method,0.31753130590339895
152,https://en.wikipedia.org//wiki/Inverse_function_integration,0.31753130590339895
153,https://en.wikipedia.org//wiki/Rational_function,0.31753130590339895
154,https://en.wikipedia.org//wiki/Double_integral,0.31753130590339895
155,https://en.wikipedia.org//wiki/Polar_coordinate_system,0.31753130590339895
156,https://en.wikipedia.org//wiki/Numerical_integration,0.31753130590339895
157,https://en.wikipedia.org//wiki/Cauchy_formula_for_repeated_integration,0.31753130590339895
158,https://en.wikipedia.org//wiki/Computer_algebra_system,0.31753130590339895
159,https://en.wikipedia.org//wiki/Table_of_integrals,0.31753130590339895
160,https://en.wikipedia.org//wiki/Pathological_(mathematics),0.31753130590339895
161,https://en.wikipedia.org//wiki/Intermediate_value_theorem,0.31753130590339895
162,https://en.wikipedia.org//wiki/Darboux%27s_theorem_(analysis),0.31753130590339895
163,https://en.wikipedia.org//wiki/Meagre_set,0.31753130590339895
164,https://en.wikipedia.org//wiki/F-sigma,0.31753130590339895
165,https://en.wikipedia.org//wiki/Bounded_function,0.31753130590339895
166,https://en.wikipedia.org//wiki/Lebesgue_measure,0.31753130590339895
167,https://en.wikipedia.org//wiki/Henstock%E2%80%93Kurzweil_integral,0.31753130590339895
168,https://en.wikipedia.org//wiki/Telescoping_series,0.31753130590339895
169,https://en.wikipedia.org//wiki/Dense_set,0.31753130590339895
170,https://en.wikipedia.org//wiki/Countable,0.31753130590339895
171,https://en.wikipedia.org//wiki/Subset,0.31753130590339895
172,https://en.wikipedia.org//wiki/File:Antideriv1.png,0.31753130590339895
173,https://en.wikipedia.org//wiki/File:Antideriv2.png,0.31753130590339895
174,https://en.wikipedia.org//wiki/Lebesgue_integral,0.31753130590339895
175,https://en.wikipedia.org//wiki/Fatou%27s_lemma,0.31753130590339895
176,https://en.wikipedia.org//wiki/Dominated_convergence_theorem,0.31753130590339895
177,https://en.wikipedia.org//wiki/Rational_numbers,0.31753130590339895
178,https://en.wikipedia.org//wiki/Volterra%27s_function,0.31753130590339895
179,https://en.wikipedia.org//wiki/Formal_power_series#Formal_antidifferentiation,0.31753130590339895
180,https://en.wikipedia.org//wiki/Jackson_integral,0.31753130590339895
181,https://en.wikipedia.org//wiki/Symbolic_integration,0.31753130590339895
182,https://en.wikipedia.org//wiki/Area,0.398876404494382
183,https://en.wikipedia.org//wiki/Definite_integral,0.36077235772357724
184,https://en.wikipedia.org//wiki/James_Stewart_(mathematician),0.31753130590339895
185,https://en.wikipedia.org//wiki/Brooks/Cole,0.31753130590339895
186,https://en.wikipedia.org//wiki/ISBN_(identifier),0.398876404494382
187,https://en.wikipedia.org//wiki/Special:BookSources/0-495-01166-5,0.31753130590339895
188,https://en.wikipedia.org//wiki/Ron_Larson_(mathematician),0.31753130590339895
189,https://en.wikipedia.org//wiki/Special:BookSources/0-547-16702-4,0.31753130590339895
190,https://en.wikipedia.org//wiki/Mathematica,0.31753130590339895
191,https://en.wikipedia.org//wiki/Maxima_(software),0.31753130590339895
192,https://en.wikipedia.org//wiki/HyperPhysics,0.31753130590339895
193,https://en.wikipedia.org//wiki/Khan_Academy,0.31753130590339895
194,https://en.wikipedia.org//wiki/Symbolab,0.31753130590339895
195,https://en.wikipedia.org//wiki/MIT,0.31753130590339895
196,https://en.wikipedia.org//wiki/SparkNotes,0.31753130590339895
197,https://en.wikipedia.org//wiki/Template:Calculus_topics,0.31753130590339895
198,https://en.wikipedia.org//wiki/Template_talk:Calculus_topics,0.31753130590339895
199,https://en.wikipedia.org//wiki/Binomial_theorem,0.31753130590339895
200,https://en.wikipedia.org//wiki/Concave_function,0.31753130590339895
201,https://en.wikipedia.org//wiki/Factorial,0.31753130590339895
202,https://en.wikipedia.org//wiki/Finite_difference,0.31753130590339895
203,https://en.wikipedia.org//wiki/Free_variables_and_bound_variables,0.31753130590339895
204,https://en.wikipedia.org//wiki/Linear_function,0.31753130590339895
205,https://en.wikipedia.org//wiki/Radian,0.31753130590339895
206,https://en.wikipedia.org//wiki/Secant_line,0.31753130590339895
207,https://en.wikipedia.org//wiki/Slope,0.31753130590339895
208,https://en.wikipedia.org//wiki/Tangent,0.31753130590339895
209,https://en.wikipedia.org//wiki/Limit_(mathematics),0.31753130590339895
210,https://en.wikipedia.org//wiki/Indeterminate_form,0.31753130590339895
211,https://en.wikipedia.org//wiki/One-sided_limit,0.31753130590339895
212,https://en.wikipedia.org//wiki/Limit_of_a_sequence,0.31753130590339895
213,https://en.wikipedia.org//wiki/Order_of_approximation,0.31753130590339895
214,"https://en.wikipedia.org//wiki/(%CE%B5,_%CE%B4)-definition_of_limit",0.31753130590339895
215,https://en.wikipedia.org//wiki/Differential_equation,0.31753130590339895
216,https://en.wikipedia.org//wiki/Differential_operator,0.31753130590339895
217,https://en.wikipedia.org//wiki/Leibniz%27s_notation,0.31753130590339895
218,https://en.wikipedia.org//wiki/Newton%27s_notation_for_differentiation,0.31753130590339895
219,https://en.wikipedia.org//wiki/Linearity_of_differentiation,0.31753130590339895
220,https://en.wikipedia.org//wiki/Implicit_differentiation,0.398876404494382
221,https://en.wikipedia.org//wiki/Inverse_functions_and_differentiation,0.31753130590339895
222,https://en.wikipedia.org//wiki/Logarithmic_derivative,0.31753130590339895
223,https://en.wikipedia.org//wiki/Stationary_point,0.31753130590339895
224,https://en.wikipedia.org//wiki/First_derivative_test,0.31753130590339895
225,https://en.wikipedia.org//wiki/Second_derivative_test,0.31753130590339895
226,https://en.wikipedia.org//wiki/Extreme_value_theorem,0.31753130590339895
227,https://en.wikipedia.org//wiki/Maxima_and_minima,0.31753130590339895
228,https://en.wikipedia.org//wiki/Newton%27s_method,0.31753130590339895
229,https://en.wikipedia.org//wiki/Integral_calculus,0.31753130590339895
230,https://en.wikipedia.org//wiki/Arc_length,0.31753130590339895
231,https://en.wikipedia.org//wiki/Integral#Properties,0.31753130590339895
232,https://en.wikipedia.org//wiki/Quadratic_integral,0.31753130590339895
233,https://en.wikipedia.org//wiki/Trapezoidal_rule,0.36077235772357724
234,https://en.wikipedia.org//wiki/Fundamental_Theorem_of_Line_Integrals,0.31753130590339895
235,https://en.wikipedia.org//wiki/Lagrange_multiplier,0.31753130590339895
236,https://en.wikipedia.org//wiki/Differential_form,0.31753130590339895
237,https://en.wikipedia.org//wiki/Fourier_series,0.31753130590339895
238,https://en.wikipedia.org//wiki/Infinite_series,0.31753130590339895
239,https://en.wikipedia.org//wiki/Maclaurin_series,0.31753130590339895
240,https://en.wikipedia.org//wiki/Bernoulli_number,0.31753130590339895
241,https://en.wikipedia.org//wiki/E_(mathematical_constant),0.31753130590339895
242,https://en.wikipedia.org//wiki/Stirling%27s_approximation,0.31753130590339895
243,https://en.wikipedia.org//wiki/Adequality,0.31753130590339895
244,https://en.wikipedia.org//wiki/Brook_Taylor,0.31753130590339895
245,https://en.wikipedia.org//wiki/Colin_Maclaurin,0.31753130590339895
246,https://en.wikipedia.org//wiki/Generality_of_algebra,0.31753130590339895
247,https://en.wikipedia.org//wiki/Gottfried_Wilhelm_Leibniz,0.31753130590339895
248,https://en.wikipedia.org//wiki/Infinitesimal,0.31753130590339895
249,https://en.wikipedia.org//wiki/Infinitesimal_calculus,0.31753130590339895
250,https://en.wikipedia.org//wiki/Isaac_Newton,0.31753130590339895
251,https://en.wikipedia.org//wiki/Fluxion,0.31753130590339895
252,https://en.wikipedia.org//wiki/Law_of_Continuity,0.31753130590339895
253,https://en.wikipedia.org//wiki/Leonhard_Euler,0.31753130590339895
254,https://en.wikipedia.org//wiki/Method_of_Fluxions,0.31753130590339895
255,https://en.wikipedia.org//wiki/The_Method_of_Mechanical_Theorems,0.31753130590339895
256,https://en.wikipedia.org//wiki/List_of_integrals_of_exponential_functions,0.31753130590339895
257,https://en.wikipedia.org//wiki/List_of_integrals_of_hyperbolic_functions,0.31753130590339895
258,https://en.wikipedia.org//wiki/List_of_integrals_of_inverse_hyperbolic_functions,0.31753130590339895
259,https://en.wikipedia.org//wiki/List_of_integrals_of_inverse_trigonometric_functions,0.31753130590339895
260,https://en.wikipedia.org//wiki/List_of_integrals_of_irrational_functions,0.31753130590339895
261,https://en.wikipedia.org//wiki/List_of_integrals_of_logarithmic_functions,0.31753130590339895
262,https://en.wikipedia.org//wiki/List_of_integrals_of_rational_functions,0.31753130590339895
263,https://en.wikipedia.org//wiki/List_of_integrals_of_trigonometric_functions,0.31753130590339895
264,https://en.wikipedia.org//wiki/Integral_of_the_secant_function,0.31753130590339895
265,https://en.wikipedia.org//wiki/Integral_of_secant_cubed,0.31753130590339895
266,https://en.wikipedia.org//wiki/List_of_limits,0.31753130590339895
267,https://en.wikipedia.org//wiki/Curvature,0.31753130590339895
268,https://en.wikipedia.org//wiki/Differential_geometry_of_curves,0.31753130590339895
269,https://en.wikipedia.org//wiki/Differential_geometry_of_surfaces,0.31753130590339895
270,https://en.wikipedia.org//wiki/Euler%E2%80%93Maclaurin_formula,0.31753130590339895
271,https://en.wikipedia.org//wiki/Gabriel%27s_Horn,0.31753130590339895
272,https://en.wikipedia.org//wiki/Proof_that_22/7_exceeds_%CF%80,0.31753130590339895
273,https://en.wikipedia.org//wiki/Regiomontanus%27_angle_maximization_problem,0.31753130590339895
274,https://en.wikipedia.org//wiki/Steinmetz_solid,0.31753130590339895
275,https://en.wikipedia.org//wiki/Help:Authority_control,0.398876404494382
276,https://en.wikipedia.org//wiki/Help:Category,0.46772068511198944
277,https://en.wikipedia.org//wiki/Category:Integral_calculus,0.31753130590339895
278,https://en.wikipedia.org//wiki/Category:Linear_operators_in_calculus,0.31753130590339895
279,https://en.wikipedia.org//wiki/Category:Articles_with_short_description,0.398876404494382
280,https://en.wikipedia.org//wiki/Category:Short_description_is_different_from_Wikidata,0.398876404494382
281,https://en.wikipedia.org//wiki/Category:Pages_using_sidebar_with_the_child_parameter,0.31753130590339895
282,https://en.wikipedia.org//wiki/Category:Articles_with_GND_identifiers,0.398876404494382
283,https://en.wikipedia.org//wiki/Special:MyTalk,0.46772068511198944
284,https://en.wikipedia.org//wiki/Special:MyContributions,0.46772068511198944
285,https://en.wikipedia.org//wiki/Antiderivative,0.31753130590339895
286,https://en.wikipedia.org//wiki/Talk:Antiderivative,0.31753130590339895
287,https://en.wikipedia.org//wiki/Main_Page,0.46772068511198944
288,https://en.wikipedia.org//wiki/Wikipedia:Contents,0.46772068511198944
289,https://en.wikipedia.org//wiki/Portal:Current_events,0.46772068511198944
290,https://en.wikipedia.org//wiki/Special:Random,0.46772068511198944
291,https://en.wikipedia.org//wiki/Wikipedia:About,0.46772068511198944
292,https://en.wikipedia.org//wiki/Help:Contents,0.46772068511198944
293,https://en.wikipedia.org//wiki/Help:Introduction,0.46772068511198944
294,https://en.wikipedia.org//wiki/Wikipedia:Community_portal,0.46772068511198944
295,https://en.wikipedia.org//wiki/Special:RecentChanges,0.46772068511198944
296,https://en.wikipedia.org//wiki/Wikipedia:File_Upload_Wizard,0.46772068511198944
297,https://en.wikipedia.org//wiki/Special:WhatLinksHere/Antiderivative,0.31753130590339895
298,https://en.wikipedia.org//wiki/Special:RecentChangesLinked/Antiderivative,0.31753130590339895
299,https://en.wikipedia.org//wiki/Special:SpecialPages,0.46772068511198944
300,https://en.wikipedia.org//wiki/Wikipedia:General_disclaimer,0.46772068511198944
301,https://en.wikipedia.org/wiki/Hyperbola,0.4369230769230769
302,https://en.wikipedia.org//wiki/Hyperbole,0.3041988003427592
303,https://en.wikipedia.org//wiki/File:Hyperbola_(PSF).svg,0.3041988003427592
304,https://en.wikipedia.org//wiki/Plane_(geometry),0.3041988003427592
305,https://en.wikipedia.org//wiki/Double_cone_(geometry),0.3041988003427592
306,https://en.wikipedia.org//wiki/File:Hyperbel-def-ass-e.svg,0.3041988003427592
307,https://en.wikipedia.org//wiki/Mathematics,0.3192446043165468
308,https://en.wikipedia.org//wiki/Help:IPA/English,0.3041988003427592
309,https://en.wikipedia.org//wiki/File:En-hyperbola_(spoken_word).ogg,0.3041988003427592
310,https://en.wikipedia.org//wiki/File:En-hyperbole_(spoken_word).ogg,0.3041988003427592
311,https://en.wikipedia.org//wiki/File:En-hyperbolic_(spoken_word).ogg,0.3041988003427592
312,https://en.wikipedia.org//wiki/Smooth_function,0.3041988003427592
313,https://en.wikipedia.org//wiki/Plane_curve,0.3041988003427592
314,https://en.wikipedia.org//wiki/Equation,0.3041988003427592
315,https://en.wikipedia.org//wiki/Connected_component_(graph_theory),0.3041988003427592
316,https://en.wikipedia.org//wiki/Bow_(weapon),0.3041988003427592
317,https://en.wikipedia.org//wiki/Conic_section,0.3041988003427592
318,https://en.wikipedia.org//wiki/Plane_(mathematics),0.3041988003427592
319,https://en.wikipedia.org//wiki/Cone_(geometry),0.3041988003427592
320,https://en.wikipedia.org//wiki/Parabola,0.3041988003427592
321,https://en.wikipedia.org//wiki/Ellipse,0.3041988003427592
322,https://en.wikipedia.org//wiki/Circle,0.3041988003427592
323,https://en.wikipedia.org//wiki/Cartesian_coordinate_system,0.3041988003427592
324,https://en.wikipedia.org//wiki/Sundial,0.3041988003427592
325,https://en.wikipedia.org//wiki/Open_orbit,0.3041988003427592
326,https://en.wikipedia.org//wiki/Spacecraft,0.3041988003427592
327,https://en.wikipedia.org//wiki/Gravity_assist,0.3041988003427592
328,https://en.wikipedia.org//wiki/Escape_velocity,0.3041988003427592
329,https://en.wikipedia.org//wiki/Comet,0.3041988003427592
330,https://en.wikipedia.org//wiki/Rutherford_scattering,0.3041988003427592
331,https://en.wikipedia.org//wiki/Subatomic_particle,0.3041988003427592
332,https://en.wikipedia.org//wiki/Hyperbolic_navigation,0.3041988003427592
333,https://en.wikipedia.org//wiki/Branch_(mathematics),0.3041988003427592
334,https://en.wikipedia.org//wiki/Asymptote,0.3041988003427592
335,https://en.wikipedia.org//wiki/Symmetry,0.3041988003427592
336,https://en.wikipedia.org//wiki/Coordinate_axes,0.3041988003427592
337,https://en.wikipedia.org//wiki/Eccentricity_(mathematics),0.3041988003427592
338,https://en.wikipedia.org//wiki/Focus_(geometry),0.3041988003427592
339,https://en.wikipedia.org//wiki/Directrix_(conic_section),0.3041988003427592
340,https://en.wikipedia.org//wiki/Mathematical_object,0.3192446043165468
341,https://en.wikipedia.org//wiki/Hyperbolic_paraboloid,0.3041988003427592
342,https://en.wikipedia.org//wiki/Hyperboloid,0.3041988003427592
343,https://en.wikipedia.org//wiki/Hyperbolic_geometry,0.3041988003427592
344,https://en.wikipedia.org//wiki/Nikolai_Lobachevsky,0.3041988003427592
345,https://en.wikipedia.org//wiki/Non-Euclidean_geometry,0.3041988003427592
346,https://en.wikipedia.org//wiki/Hyperbolic_function,0.3041988003427592
347,https://en.wikipedia.org//wiki/Gyrovector_space,0.3041988003427592
348,https://en.wikipedia.org//wiki/Theory_of_relativity,0.3041988003427592
349,https://en.wikipedia.org//wiki/Quantum_mechanics,0.3041988003427592
350,https://en.wikipedia.org//wiki/Euclidean_geometry,0.3041988003427592
351,https://en.wikipedia.org//wiki/Greek_language,0.3041988003427592
352,https://en.wikipedia.org//wiki/Menaechmus,0.3041988003427592
353,https://en.wikipedia.org//wiki/Doubling_the_cube,0.3041988003427592
354,https://en.wikipedia.org//wiki/Apollonius_of_Perga,0.3041988003427592
355,https://en.wikipedia.org//wiki/File:Hyperbel-def-e.svg,0.3041988003427592
356,https://en.wikipedia.org//wiki/File:Hyperbel-def-dc.svg,0.3041988003427592
357,https://en.wikipedia.org//wiki/Set_(mathematics),0.3192446043165468
358,https://en.wikipedia.org//wiki/Locus_of_points,0.3041988003427592
359,https://en.wikipedia.org//wiki/File:Hyperbel-gs-hl.svg,0.3041988003427592
360,https://en.wikipedia.org//wiki/File:Hyperbeln-gs-3.svg,0.3041988003427592
361,https://en.wikipedia.org//wiki/Rotation_matrix,0.3041988003427592
362,https://en.wikipedia.org//wiki/Quadrant_(plane_geometry),0.3041988003427592
363,https://en.wikipedia.org//wiki/File:Hyperbel-ll-e.svg,0.3041988003427592
364,https://en.wikipedia.org//wiki/File:Hyperbel-ll-def.svg,0.3041988003427592
365,https://en.wikipedia.org//wiki/File:Kegelschnitt-schar-ev.svg,0.3041988003427592
366,https://en.wikipedia.org//wiki/Real_number,0.3192446043165468
367,https://en.wikipedia.org//wiki/File:Hyperbel-leitl-e.svg,0.3041988003427592
368,https://en.wikipedia.org//wiki/Circle_inversion,0.3041988003427592
369,https://en.wikipedia.org//wiki/Theorem_of_Thales,0.3041988003427592
370,https://en.wikipedia.org//wiki/File:Dandelin-hyperbel.svg,0.3041988003427592
371,https://en.wikipedia.org//wiki/Dandelin_spheres,0.3041988003427592
372,https://en.wikipedia.org//wiki/Generatrix,0.3041988003427592
373,https://en.wikipedia.org//wiki/File:Hyperbola-pin-string.svg,0.3041988003427592
374,https://en.wikipedia.org//wiki/File:Hyperbel-steiner-e.svg,0.3041988003427592
375,https://en.wikipedia.org//wiki/File:Hyperbola_construction_-_parallelogram_method.gif,0.3041988003427592
376,https://en.wikipedia.org//wiki/Steiner_conic,0.3041988003427592
377,https://en.wikipedia.org//wiki/Pencil_(mathematics),0.3041988003427592
378,https://en.wikipedia.org//wiki/File:Hyperbel-pws-s.svg,0.3041988003427592
379,https://en.wikipedia.org//wiki/Inscribed_angle,0.3041988003427592
380,https://en.wikipedia.org//wiki/File:Hyperbel-aff-s.svg,0.3041988003427592
381,https://en.wikipedia.org//wiki/Affine_transformation,0.3041988003427592
382,https://en.wikipedia.org//wiki/Matrix_(mathematics),0.3041988003427592
383,https://en.wikipedia.org//wiki/Determinant,0.3041988003427592
384,https://en.wikipedia.org//wiki/Cramer%27s_rule,0.3041988003427592
385,https://en.wikipedia.org//wiki/File:Hyperbel-aff2.svg,0.3041988003427592
386,https://en.wikipedia.org//wiki/File:Hyperbel-tang-s.svg,0.3041988003427592
387,https://en.wikipedia.org//wiki/Pascal%27s_theorem,0.3041988003427592
388,https://en.wikipedia.org//wiki/File:Hyperbel-pasc4-s.svg,0.3041988003427592
389,https://en.wikipedia.org//wiki/File:Hyperbel-tad-s.svg,0.3041988003427592
390,https://en.wikipedia.org//wiki/Reciprocation_(geometry),0.3041988003427592
391,https://en.wikipedia.org//wiki/Pole_and_polar,0.3041988003427592
392,https://en.wikipedia.org//wiki/Inversive_geometry#Circle_inversion,0.3041988003427592
393,https://en.wikipedia.org//wiki/Locus_(mathematics),0.3041988003427592
394,https://en.wikipedia.org//wiki/Envelope_(mathematics),0.3041988003427592
395,https://en.wikipedia.org//wiki/Discriminant#Discriminant_of_a_conic_section,0.3041988003427592
396,https://en.wikipedia.org//wiki/Degenerate_conic,0.3041988003427592
397,https://en.wikipedia.org//wiki/Conic_section#Eccentricity_in_terms_of_coefficients,0.3041988003427592
398,https://en.wikipedia.org//wiki/Root_of_a_function,0.3041988003427592
399,https://en.wikipedia.org//wiki/Quadratic_equation,0.3041988003427592
400,https://en.wikipedia.org//wiki/Normal_(geometry),0.3041988003427592
401,https://en.wikipedia.org//wiki/Canonical_form,0.3041988003427592
402,https://en.wikipedia.org//wiki/Congruence_(geometry),0.3041988003427592
403,https://en.wikipedia.org//wiki/Symmetry_(geometry),0.3041988003427592
404,https://en.wikipedia.org//wiki/Similarity_(geometry),0.3041988003427592
405,https://en.wikipedia.org//wiki/Translation_(mathematics),0.3041988003427592
406,https://en.wikipedia.org//wiki/Rotation_(mathematics),0.3041988003427592
407,https://en.wikipedia.org//wiki/Reflection_(mathematics),0.3041988003427592
408,https://en.wikipedia.org//wiki/File:Hyperbel-param-e.svg,0.3041988003427592
409,https://en.wikipedia.org//wiki/File:Hyperbola-3prop.svg,0.3041988003427592
410,https://en.wikipedia.org//wiki/Hesse_normal_form,0.3041988003427592
411,https://en.wikipedia.org//wiki/Radius_of_curvature,0.3041988003427592
412,https://en.wikipedia.org//wiki/File:Drini-conjugatehyperbolas.svg,0.3041988003427592
413,https://en.wikipedia.org//wiki/Unit_hyperbola,0.3041988003427592
414,https://en.wikipedia.org//wiki/File:Hyperbel-pold-f-s.svg,0.3041988003427592
415,https://en.wikipedia.org//wiki/File:Hyperbel-pold-m-s.svg,0.3041988003427592
416,https://en.wikipedia.org//wiki/Orthoptic_(geometry),0.3041988003427592
417,https://en.wikipedia.org//wiki/Hyperbolic_functions,0.3041988003427592
418,https://en.wikipedia.org//wiki/File:Hyperbolic_functions-2.svg,0.3041988003427592
419,https://en.wikipedia.org//wiki/Trigonometric_function,0.3041988003427592
420,https://en.wikipedia.org//wiki/Unit_circle,0.3041988003427592
421,https://en.wikipedia.org//wiki/Circular_sector,0.3041988003427592
422,https://en.wikipedia.org//wiki/Hyperbolic_angle,0.3041988003427592
423,https://en.wikipedia.org//wiki/Hyperbolic_sector,0.3041988003427592
424,https://en.wikipedia.org//wiki/Inverse_hyperbolic_functions,0.3041988003427592
425,https://en.wikipedia.org//wiki/File:Hyperbel-wh-s.svg,0.3041988003427592
426,https://en.wikipedia.org//wiki/Triangle_inequality,0.3041988003427592
427,https://en.wikipedia.org//wiki/File:Hyperbel-psehnen-s.svg,0.3041988003427592
428,https://en.wikipedia.org//wiki/File:Hyperbel-sa-s.svg,0.3041988003427592
429,https://en.wikipedia.org//wiki/File:Orthoptic-hyperbola-s.svg,0.3041988003427592
430,https://en.wikipedia.org//wiki/File:Hyperbel-pol-s.svg,0.3041988003427592
431,https://en.wikipedia.org//wiki/Bijection,0.3041988003427592
432,https://en.wikipedia.org//wiki/Inverse_function,0.3041988003427592
433,https://en.wikipedia.org//wiki/Concurrent_lines,0.3041988003427592
434,https://en.wikipedia.org//wiki/Elliptic_integral#Incomplete_elliptic_integral_of_the_second_kind,0.3041988003427592
435,https://en.wikipedia.org//wiki/Elliptic_integral#Incomplete_elliptic_integral_of_the_first_kind,0.3041988003427592
436,https://en.wikipedia.org//wiki/Gudermannian_function,0.3041988003427592
437,https://en.wikipedia.org//wiki/File:Sinusoidal_spirals.svg,0.3041988003427592
438,https://en.wikipedia.org//wiki/Sinusoidal_spiral,0.3041988003427592
439,https://en.wikipedia.org//wiki/Cardioid,0.3041988003427592
440,https://en.wikipedia.org//wiki/Lemniscate_of_Bernoulli,0.3041988003427592
441,https://en.wikipedia.org//wiki/Polar_coordinates,0.3041988003427592
442,https://en.wikipedia.org//wiki/Rectangular_coordinates,0.3041988003427592
443,https://en.wikipedia.org//wiki/Inverse_curve,0.3041988003427592
444,https://en.wikipedia.org//wiki/Lima%C3%A7on,0.3041988003427592
445,https://en.wikipedia.org//wiki/Strophoid,0.3041988003427592
446,https://en.wikipedia.org//wiki/Elliptic_coordinates,0.3041988003427592
447,https://en.wikipedia.org//wiki/Conformal_map,0.3041988003427592
448,https://en.wikipedia.org//wiki/File:Zp-Kugel-Augp-innen.svg,0.3041988003427592
449,https://en.wikipedia.org//wiki/Central_projection,0.3041988003427592
450,https://en.wikipedia.org//wiki/Stereographic_projection,0.3041988003427592
451,https://en.wikipedia.org//wiki/File:Akademia_Ekonomiczna_w_Krakowie_Pawilon_C.JPG,0.3041988003427592
452,https://en.wikipedia.org//wiki/File:Supersonic_shockwave_cone.svg,0.3041988003427592
453,https://en.wikipedia.org//wiki/Shockwave,0.3041988003427592
454,https://en.wikipedia.org//wiki/Celestial_sphere,0.3041988003427592
455,https://en.wikipedia.org//wiki/Multilateration,0.3041988003427592
456,https://en.wikipedia.org//wiki/LORAN,0.3041988003427592
457,https://en.wikipedia.org//wiki/GPS,0.3041988003427592
458,https://en.wikipedia.org//wiki/Kepler_problem,0.3041988003427592
459,https://en.wikipedia.org//wiki/Geiger%E2%80%93Marsden_experiment,0.3041988003427592
460,https://en.wikipedia.org//wiki/Atomic_nucleus,0.3041988003427592
461,https://en.wikipedia.org//wiki/Alpha_particle,0.3041988003427592
462,https://en.wikipedia.org//wiki/Gold,0.3041988003427592
463,https://en.wikipedia.org//wiki/Coulomb%27s_law,0.3041988003427592
464,https://en.wikipedia.org//wiki/Inverse_square_law,0.3041988003427592
465,https://en.wikipedia.org//wiki/Korteweg%E2%80%93de_Vries_equation,0.3041988003427592
466,https://en.wikipedia.org//wiki/File:Hyperbola_angle_trisection.svg,0.3041988003427592
467,https://en.wikipedia.org//wiki/Angle_trisection,0.3041988003427592
468,https://en.wikipedia.org//wiki/Modern_portfolio_theory#The_efficient_frontier_with_no_risk-free_asset,0.3041988003427592
469,https://en.wikipedia.org//wiki/Mean_variance_efficiency,0.3041988003427592
470,https://en.wikipedia.org//wiki/Biochemistry,0.34332688588007737
471,https://en.wikipedia.org//wiki/Pharmacology,0.34332688588007737
472,https://en.wikipedia.org//wiki/Hill_equation_(biochemistry),0.34332688588007737
473,https://en.wikipedia.org//wiki/Stimulus%E2%80%93response_model,0.3041988003427592
474,https://en.wikipedia.org//wiki/Protein%E2%80%93ligand_complex,0.3041988003427592
475,https://en.wikipedia.org//wiki/Quadric,0.3041988003427592
476,https://en.wikipedia.org//wiki/Cone,0.3041988003427592
477,https://en.wikipedia.org//wiki/Cylinder,0.3041988003427592
478,https://en.wikipedia.org//wiki/Hyperboloid_of_one_sheet,0.3041988003427592
479,https://en.wikipedia.org//wiki/Hyperboloid_of_two_sheets,0.3041988003427592
480,https://en.wikipedia.org//wiki/File:Quadric_Cone.jpg,0.3041988003427592
481,https://en.wikipedia.org//wiki/File:Hyperbolic_Cylinder_Quadric.png,0.3041988003427592
482,https://en.wikipedia.org//wiki/File:Hyperbol_Paraboloid.pov.png,0.3041988003427592
483,https://en.wikipedia.org//wiki/File:Hyperboloid1.png,0.3041988003427592
484,https://en.wikipedia.org//wiki/File:Hyperboloid2.png,0.3041988003427592
485,https://en.wikipedia.org//wiki/Hyperbolic_growth,0.3041988003427592
486,https://en.wikipedia.org//wiki/Hyperbolic_partial_differential_equation,0.3041988003427592
487,https://en.wikipedia.org//wiki/Hyperboloid_structure,0.3041988003427592
488,https://en.wikipedia.org//wiki/Hyperbolic_trajectory,0.3041988003427592
489,https://en.wikipedia.org//wiki/Rotation_of_axes,0.3041988003427592
490,https://en.wikipedia.org//wiki/Translation_of_axes,0.3041988003427592
491,https://en.wikipedia.org//wiki/Uta_Merzbach,0.3041988003427592
492,https://en.wikipedia.org//wiki/Special:BookSources/9780470630563,0.3041988003427592
493,https://en.wikipedia.org//wiki/Special:BookSources/978-0-88385-354-2,0.3041988003427592
494,https://en.wikipedia.org//wiki/Director_circle,0.3041988003427592
495,https://en.wikipedia.org//wiki/Frans_van_Schooten,0.3041988003427592
496,https://en.wikipedia.org//wiki/Springer_Science%2BBusiness_Media,0.3041988003427592
497,https://en.wikipedia.org//wiki/Special:BookSources/0-471-75715-2,0.3041988003427592
498,https://en.wikipedia.org//wiki/Theresa_M._Korn,0.3041988003427592
499,https://en.wikipedia.org//wiki/Template:Cite_web,0.3041988003427592
500,https://en.wikipedia.org//wiki/Category:CS1_maint:_archived_copy_as_title,0.3041988003427592
501,https://en.wikipedia.org//wiki/Frank_W._J._Olver,0.3041988003427592
502,https://en.wikipedia.org//wiki/Digital_Library_of_Mathematical_Functions,0.3041988003427592
503,https://en.wikipedia.org//wiki/Special:BookSources/978-0-521-19225-5,0.3041988003427592
504,https://en.wikipedia.org//wiki/MR_(identifier),0.3041988003427592
505,https://en.wikipedia.org//wiki/Pappus_of_Alexandria,0.3041988003427592
506,https://en.wikipedia.org//wiki/Category:Harv_and_Sfn_template_errors,0.3041988003427592
507,https://en.wikipedia.org//wiki/Special:BookSources/0-486-42515-0,0.3041988003427592
508,https://en.wikipedia.org//wiki/Barnes_%26_Noble,0.3041988003427592
509,https://en.wikipedia.org//wiki/Addison-Wesley,0.3041988003427592
510,https://en.wikipedia.org//wiki/LCCN_(identifier),0.3041988003427592
511,https://en.wikipedia.org//wiki/Wikisource,0.3041988003427592
512,https://en.wikipedia.org//wiki/Encyclop%C3%A6dia_Britannica_Eleventh_Edition,0.3041988003427592
513,https://en.wikipedia.org//wiki/Encyclopedia_of_Mathematics,0.3041988003427592
514,https://en.wikipedia.org//wiki/European_Mathematical_Society,0.3041988003427592
515,https://en.wikipedia.org//wiki/Eric_W._Weisstein,0.3041988003427592
516,https://en.wikipedia.org//wiki/MathWorld,0.3041988003427592
517,https://en.wikipedia.org//wiki/Category:Conic_sections,0.3041988003427592
518,https://en.wikipedia.org//wiki/Category:Analytic_geometry,0.3041988003427592
519,https://en.wikipedia.org//wiki/Category:Algebraic_curves,0.3041988003427592
520,https://en.wikipedia.org//wiki/Category:Harv_and_Sfn_no-target_errors,0.3041988003427592
521,https://en.wikipedia.org//wiki/Category:Articles_with_hAudio_microformats,0.3041988003427592
522,https://en.wikipedia.org//wiki/Category:Pages_including_recorded_pronunciations,0.3041988003427592
523,https://en.wikipedia.org//wiki/Category:Articles_containing_Ancient_Greek_(to_1453)-language_text,0.3041988003427592
524,https://en.wikipedia.org//wiki/Category:Commons_category_link_is_on_Wikidata,0.3041988003427592
525,https://en.wikipedia.org//wiki/Hyperbola,0.3041988003427592
526,https://en.wikipedia.org//wiki/Talk:Hyperbola,0.3041988003427592
527,https://en.wikipedia.org//wiki/Special:WhatLinksHere/Hyperbola,0.3041988003427592
528,https://en.wikipedia.org//wiki/Special:RecentChangesLinked/Hyperbola,0.3041988003427592
529,https://en.wikipedia.org/wiki/Area_under_the_curve_(pharmacokinetics),0.368066355624676
530,https://en.wikipedia.org//wiki/Pharmacokinetics,0.26914329037149354
531,https://en.wikipedia.org//wiki/Concentration,0.26914329037149354
532,https://en.wikipedia.org//wiki/Blood_plasma,0.26914329037149354
533,https://en.wikipedia.org//wiki/Liquid_chromatography%E2%80%93mass_spectrometry,0.26914329037149354
534,https://en.wikipedia.org//wiki/Capsule_(pharmacy),0.26914329037149354
535,https://en.wikipedia.org//wiki/Tablet_(pharmacy),0.26914329037149354
536,https://en.wikipedia.org//wiki/Therapeutic_drug_monitoring,0.26914329037149354
537,https://en.wikipedia.org//wiki/Gentamicin,0.26914329037149354
538,https://en.wikipedia.org//wiki/Antibiotic,0.26914329037149354
539,https://en.wikipedia.org//wiki/Nephrotoxin,0.26914329037149354
540,https://en.wikipedia.org//wiki/Ototoxin,0.26914329037149354
541,https://en.wikipedia.org//wiki/Clearance_(medicine),0.26914329037149354
542,https://en.wikipedia.org//wiki/Bioavailability,0.26914329037149354
543,https://en.wikipedia.org//wiki/Cmax_(pharmacology),0.26914329037149354
544,https://en.wikipedia.org//wiki/Cmean_(pharmacology),0.26914329037149354
545,https://en.wikipedia.org//wiki/Receiver_operating_characteristic,0.26914329037149354
546,https://en.wikipedia.org//wiki/Doi_(identifier),0.26914329037149354
547,https://en.wikipedia.org//wiki/ISSN_(identifier),0.26914329037149354
548,https://en.wikipedia.org//wiki/PMID_(identifier),0.26914329037149354
549,https://en.wikipedia.org//wiki/Template:Pharmacology,0.26914329037149354
550,https://en.wikipedia.org//wiki/Template_talk:Pharmacology,0.26914329037149354
551,https://en.wikipedia.org//wiki/Ligand_(biochemistry),0.26914329037149354
552,https://en.wikipedia.org//wiki/Agonist,0.26914329037149354
553,https://en.wikipedia.org//wiki/Endogenous_agonist,0.26914329037149354
554,https://en.wikipedia.org//wiki/Irreversible_agonist,0.26914329037149354
555,https://en.wikipedia.org//wiki/Partial_agonist,0.26914329037149354
556,https://en.wikipedia.org//wiki/Superagonist,0.26914329037149354
557,https://en.wikipedia.org//wiki/Physiological_agonism_and_antagonism,0.26914329037149354
558,https://en.wikipedia.org//wiki/Receptor_antagonist,0.26914329037149354
559,https://en.wikipedia.org//wiki/Competitive_antagonist,0.26914329037149354
560,https://en.wikipedia.org//wiki/Irreversible_antagonist,0.26914329037149354
561,https://en.wikipedia.org//wiki/Inverse_agonist,0.26914329037149354
562,https://en.wikipedia.org//wiki/Enzyme_inhibitor,0.26914329037149354
563,https://en.wikipedia.org//wiki/Drug,0.26914329037149354
564,https://en.wikipedia.org//wiki/Neurotransmitter,0.26914329037149354
565,https://en.wikipedia.org//wiki/Agonist-antagonist,0.26914329037149354
566,https://en.wikipedia.org//wiki/Pharmacophore,0.26914329037149354
567,https://en.wikipedia.org//wiki/Pharmacodynamics,0.26914329037149354
568,https://en.wikipedia.org//wiki/Mechanism_of_action,0.26914329037149354
569,https://en.wikipedia.org//wiki/Mode_of_action,0.26914329037149354
570,https://en.wikipedia.org//wiki/Molecular_binding,0.26914329037149354
571,https://en.wikipedia.org//wiki/Receptor_(biochemistry),0.26914329037149354
572,https://en.wikipedia.org//wiki/Desensitization_(pharmacology),0.26914329037149354
573,https://en.wikipedia.org//wiki/Binding_selectivity,0.26914329037149354
574,https://en.wikipedia.org//wiki/Functional_selectivity,0.26914329037149354
575,https://en.wikipedia.org//wiki/Pleiotropy_(drugs),0.26914329037149354
576,https://en.wikipedia.org//wiki/Non-specific_effect_of_vaccines,0.26914329037149354
577,https://en.wikipedia.org//wiki/Adverse_effects,0.26914329037149354
578,https://en.wikipedia.org//wiki/Toxicity,0.26914329037149354
579,https://en.wikipedia.org//wiki/Neurotoxicity,0.26914329037149354
580,https://en.wikipedia.org//wiki/Dose%E2%80%93response_relationship,0.26914329037149354
581,https://en.wikipedia.org//wiki/Schild_plot,0.26914329037149354
582,https://en.wikipedia.org//wiki/Del_Castillo_Katz_model,0.26914329037149354
583,https://en.wikipedia.org//wiki/Cheng-Prussoff_Equation,0.26914329037149354
584,https://en.wikipedia.org//wiki/Organ_bath,0.26914329037149354
585,https://en.wikipedia.org//wiki/Ligand_binding_assay,0.26914329037149354
586,https://en.wikipedia.org//wiki/Patch-clamp,0.26914329037149354
587,https://en.wikipedia.org//wiki/Efficacy#Pharmacology,0.26914329037149354
588,https://en.wikipedia.org//wiki/Intrinsic_activity,0.26914329037149354
589,https://en.wikipedia.org//wiki/Potency_(pharmacology),0.26914329037149354
590,https://en.wikipedia.org//wiki/EC50,0.26914329037149354
591,https://en.wikipedia.org//wiki/IC50,0.26914329037149354
592,https://en.wikipedia.org//wiki/Effective_dose_(pharmacology),0.26914329037149354
593,https://en.wikipedia.org//wiki/Median_lethal_dose,0.26914329037149354
594,https://en.wikipedia.org//wiki/Median_toxic_dose,0.26914329037149354
595,https://en.wikipedia.org//wiki/Therapeutic_index,0.26914329037149354
596,https://en.wikipedia.org//wiki/Dissociation_constant#Protein-ligand_binding,0.26914329037149354
597,https://en.wikipedia.org//wiki/Loading_dose,0.26914329037149354
598,https://en.wikipedia.org//wiki/Volume_of_distribution,0.26914329037149354
599,https://en.wikipedia.org//wiki/Initial_volume_of_distribution,0.26914329037149354
600,https://en.wikipedia.org//wiki/Rate_of_infusion,0.26914329037149354
601,https://en.wikipedia.org//wiki/Onset_of_action,0.26914329037149354
602,https://en.wikipedia.org//wiki/Biological_half-life,0.26914329037149354
603,https://en.wikipedia.org//wiki/Plasma_protein_binding,0.26914329037149354
604,https://en.wikipedia.org//wiki/ADME,0.26914329037149354
605,https://en.wikipedia.org//wiki/Liberation_(pharmacology),0.26914329037149354
606,https://en.wikipedia.org//wiki/Absorption_(pharmacokinetics),0.26914329037149354
607,https://en.wikipedia.org//wiki/Distribution_(pharmacology),0.26914329037149354
608,https://en.wikipedia.org//wiki/Drug_metabolism,0.26914329037149354
609,https://en.wikipedia.org//wiki/Excretion,0.26914329037149354
610,https://en.wikipedia.org//wiki/Clearance_(pharmacology),0.26914329037149354
611,https://en.wikipedia.org//wiki/Compartment_(pharmacokinetics),0.26914329037149354
612,https://en.wikipedia.org//wiki/Bioequivalence,0.26914329037149354
613,https://en.wikipedia.org//wiki/Neuroscience,0.26914329037149354
614,https://en.wikipedia.org//wiki/Psychology,0.26914329037149354
615,https://en.wikipedia.org//wiki/Neuropsychopharmacology,0.26914329037149354
616,https://en.wikipedia.org//wiki/Neuropharmacology,0.26914329037149354
617,https://en.wikipedia.org//wiki/Psychopharmacology,0.26914329037149354
618,https://en.wikipedia.org//wiki/Electrophysiology,0.26914329037149354
619,https://en.wikipedia.org//wiki/Medicine,0.26914329037149354
620,https://en.wikipedia.org//wiki/Clinical_pharmacology,0.26914329037149354
621,https://en.wikipedia.org//wiki/Pharmacy,0.26914329037149354
622,https://en.wikipedia.org//wiki/Medicinal_chemistry,0.26914329037149354
623,https://en.wikipedia.org//wiki/Pharmacoepidemiology,0.26914329037149354
624,https://en.wikipedia.org//wiki/Genetics,0.26914329037149354
625,https://en.wikipedia.org//wiki/Pharmacoinformatics,0.26914329037149354
626,https://en.wikipedia.org//wiki/Pharmacogenetics,0.26914329037149354
627,https://en.wikipedia.org//wiki/Pharmacogenomics,0.26914329037149354
628,https://en.wikipedia.org//wiki/Toxicology,0.26914329037149354
629,https://en.wikipedia.org//wiki/Pharmacotoxicology,0.26914329037149354
630,https://en.wikipedia.org//wiki/Neurotoxicology,0.26914329037149354
631,https://en.wikipedia.org//wiki/Drug_discovery,0.26914329037149354
632,https://en.wikipedia.org//wiki/Classical_pharmacology,0.26914329037149354
633,https://en.wikipedia.org//wiki/Reverse_pharmacology,0.26914329037149354
634,https://en.wikipedia.org//wiki/Photopharmacology,0.26914329037149354
635,https://en.wikipedia.org//wiki/Immunopharmacology,0.26914329037149354
636,https://en.wikipedia.org//wiki/Cell_biology,0.26914329037149354
637,https://en.wikipedia.org//wiki/Physiology,0.26914329037149354
638,https://en.wikipedia.org//wiki/Coinduction_(anaesthetics),0.26914329037149354
639,https://en.wikipedia.org//wiki/Combination_therapy,0.26914329037149354
640,https://en.wikipedia.org//wiki/Functional_analog_(chemistry),0.26914329037149354
641,https://en.wikipedia.org//wiki/Polypharmacology,0.26914329037149354
642,https://en.wikipedia.org//wiki/Chemotherapy,0.26914329037149354
643,https://en.wikipedia.org//wiki/List_of_drugs,0.26914329037149354
644,https://en.wikipedia.org//wiki/WHO_list_of_essential_medicines,0.26914329037149354
645,https://en.wikipedia.org//wiki/Drug_tolerance,0.26914329037149354
646,https://en.wikipedia.org//wiki/Tachyphylaxis,0.26914329037149354
647,https://en.wikipedia.org//wiki/Drug_resistance,0.26914329037149354
648,https://en.wikipedia.org//wiki/Antibiotic_resistance,0.26914329037149354
649,https://en.wikipedia.org//wiki/Multiple_drug_resistance,0.26914329037149354
650,https://en.wikipedia.org//wiki/Antimicrobial_pharmacodynamics,0.26914329037149354
651,https://en.wikipedia.org//wiki/Minimum_inhibitory_concentration,0.26914329037149354
652,https://en.wikipedia.org//wiki/Bacteriostatic_agent,0.26914329037149354
653,https://en.wikipedia.org//wiki/Minimum_bactericidal_concentration,0.26914329037149354
654,https://en.wikipedia.org//wiki/Bactericide,0.26914329037149354
655,https://en.wikipedia.org//wiki/Category:Pharmacokinetics,0.26914329037149354
656,https://en.wikipedia.org//wiki/Area_under_the_curve_(pharmacokinetics),0.26914329037149354
657,https://en.wikipedia.org//wiki/Talk:Area_under_the_curve_(pharmacokinetics),0.26914329037149354
658,https://en.wikipedia.org//wiki/Special:WhatLinksHere/Area_under_the_curve_(pharmacokinetics),0.26914329037149354
659,https://en.wikipedia.org//wiki/Special:RecentChangesLinked/Area_under_the_curve_(pharmacokinetics),0.26914329037149354
660,https://en.wikipedia.org/wiki/Vector_(mathematics_and_physics),0.3126376045794804
661,https://en.wikipedia.org//wiki/Vector_(disambiguation),0.23825503355704697
662,https://en.wikipedia.org//wiki/Wikipedia:Manual_of_Style/Lead_section,0.23825503355704697
663,https://en.wikipedia.org//wiki/Help:Maintenance_template_removal,0.23825503355704697
664,https://en.wikipedia.org//wiki/Vector_space,0.23825503355704697
665,https://en.wikipedia.org//wiki/Euclidean_vector,0.23825503355704697
666,https://en.wikipedia.org//wiki/Ray_(geometry),0.23825503355704697
667,https://en.wikipedia.org//wiki/Vector_algebra,0.23825503355704697
668,https://en.wikipedia.org//wiki/Linear_algebra,0.23825503355704697
669,https://en.wikipedia.org//wiki/Dimension,0.23825503355704697
670,https://en.wikipedia.org//wiki/Geometry,0.23825503355704697
671,https://en.wikipedia.org//wiki/Mechanics,0.23825503355704697
672,https://en.wikipedia.org//wiki/Latin,0.23825503355704697
673,https://en.wikipedia.org//wiki/Euclidean_space,0.23825503355704697
674,https://en.wikipedia.org//wiki/Spatial_vector,0.23825503355704697
675,https://en.wikipedia.org//wiki/Vector_addition,0.23825503355704697
676,https://en.wikipedia.org//wiki/Scalar_multiplication,0.23825503355704697
677,https://en.wikipedia.org//wiki/File:Vector_from_A_to_B.svg,0.23825503355704697
678,https://en.wikipedia.org//wiki/Engineering,0.23825503355704697
679,https://en.wikipedia.org//wiki/Magnitude_(mathematics),0.23825503355704697
680,https://en.wikipedia.org//wiki/Euclidean_norm,0.23825503355704697
681,https://en.wikipedia.org//wiki/Direction_(geometry),0.23825503355704697
682,https://en.wikipedia.org//wiki/Directed_line_segment,0.23825503355704697
683,https://en.wikipedia.org//wiki/Displacement_(geometry),0.23825503355704697
684,https://en.wikipedia.org//wiki/Algebraic_operation,0.23825503355704697
685,https://en.wikipedia.org//wiki/Addition,0.23825503355704697
686,https://en.wikipedia.org//wiki/Subtraction,0.23825503355704697
687,https://en.wikipedia.org//wiki/Multiplication,0.23825503355704697
688,https://en.wikipedia.org//wiki/Additive_inverse,0.23825503355704697
689,https://en.wikipedia.org//wiki/Commutativity,0.23825503355704697
690,https://en.wikipedia.org//wiki/Associativity,0.23825503355704697
691,https://en.wikipedia.org//wiki/Distributivity,0.23825503355704697
692,https://en.wikipedia.org//wiki/Force,0.23825503355704697
693,https://en.wikipedia.org//wiki/Position_(vector),0.23825503355704697
694,https://en.wikipedia.org//wiki/Displacement_(vector),0.23825503355704697
695,https://en.wikipedia.org//wiki/Coordinate_system,0.23825503355704697
696,https://en.wikipedia.org//wiki/Pseudovector,0.23825503355704697
697,https://en.wikipedia.org//wiki/Tensor,0.23825503355704697
698,https://en.wikipedia.org//wiki/File:Vector_add_scale.svg,0.23825503355704697
699,https://en.wikipedia.org//wiki/Scalar_(mathematics),0.23825503355704697
700,https://en.wikipedia.org//wiki/Complex_number,0.23825503355704697
701,https://en.wikipedia.org//wiki/Field_(mathematics),0.23825503355704697
702,https://en.wikipedia.org//wiki/Axiom,0.23825503355704697
703,https://en.wikipedia.org//wiki/Force_vector,0.23825503355704697
704,https://en.wikipedia.org//wiki/Three-dimensional_space,0.23825503355704697
705,https://en.wikipedia.org//wiki/Dimension_(vector_space),0.23825503355704697
706,https://en.wikipedia.org//wiki/Mathematical_analysis,0.23825503355704697
707,https://en.wikipedia.org//wiki/Function_space,0.23825503355704697
708,https://en.wikipedia.org//wiki/Topology,0.23825503355704697
709,https://en.wikipedia.org//wiki/Norm_(mathematics),0.23825503355704697
710,https://en.wikipedia.org//wiki/Inner_product,0.23825503355704697
